county_code,county,lat,long,geometry
001,Anderson,36.0809574,-84.2278796,"list(list(c(-84.441034, -84.403633, -84.372731, -84.241825, -84.227527, -84.069918, -84.032519, -84.004317, -83.998745, -83.941711, -84.094011, -84.058585, -84.195151, -84.272869, -84.271587, -84.32006, -84.341812, -84.449734, -84.441034, 36.163478, 36.174778, 36.216778, 36.177578, 36.244879, 36.230378, 36.301779, 36.270378, 36.25237, 36.186378, 36.068911, 36.036304, 35.993008, 35.940506, 35.910165, 35.991607, 36.048977, 36.141677, 36.163478)))"
003,Bedford,35.4702472,-86.4592091,"list(list(c(-86.639436, -86.543116, -86.402726, -86.34194, -86.245165, -86.234575, -86.25759, -86.422338, -86.525306, -86.599478, -86.618572, -86.664164, -86.639436, 35.6859, 35.697617, 35.618571, 35.664259, 35.631913, 35.45276, 35.412476, 35.318846, 35.354718, 35.36495, 35.367401, 35.491771, 35.6859)))"
005,Benton,36.1170244,-88.050979,"list(list(c(-88.212559, -88.085228, -88.087082, -88.09167, -88.092526, -88.088851, -88.09371, -88.090782, -88.10266, -88.092269, -88.095868, -88.031779, -87.99092, -87.98074, -87.944295, -87.949603, -87.919043, -88.02239, -87.925835, -87.96274, -87.970738, -88.051635, -88.177859, -88.217436, -88.212559, 36.12029, 36.254549, 36.267898, 36.275198, 36.281033, 36.288556, 36.293028, 36.29485, 36.310933, 36.340315, 36.359265, 36.359809, 36.360133, 36.353307, 36.264177, 36.24316, 36.130049, 35.965818, 35.930432, 
35.840921, 35.815705, 35.849918, 35.845841, 35.846582, 36.12029)))"
007,Bledsoe,35.6028856,-85.2308414,"list(list(c(-85.423804, -85.265387, -85.254062, -84.928536, -84.916062, -85.107762, -85.146393, -85.135191, -85.168302, -85.225877, -85.403298, -85.436147, -85.423804, 35.567422, 35.721237, 35.765611, 35.768549, 35.761939, 35.571359, 35.491299, 35.458649, 35.455614, 35.354276, 35.49228, 35.541365, 35.567422)))"
009,Blount,35.6710541,-83.8473015,"list(list(c(-84.134468, -84.172812, -84.166267, -84.144301, -84.145659, -84.016481, -83.994677, -83.850155, -83.794275, -83.70525, -83.662814, -83.6629119015893, -83.771736, -83.848502, -83.916801, -83.9532313801504, -83.9589178345639, -83.93854, -83.993815, -84.081561, -84.188319, -84.134468, 35.647399, 35.712756, 35.805106, 35.795763, 35.849586, 35.839498, 35.883749, 35.842019, 35.887125, 35.71158, 35.690618, 35.5677997932083, 35.562118, 35.519259, 35.473612, 35.4600208895767, 35.4578994395799, 
35.487773, 35.550001, 35.541231, 35.610549, 35.647399)))"
011,Bradley,35.1937778,-84.8567932,"list(list(c(-85.026643, -84.946339, -84.879507, -84.860164, -84.72314, -84.744441, -84.697838, -84.703607, -84.699937, -84.7758376712973, -84.8104774668864, -84.861314, -84.9769738065923, -84.961146, -85.008478, -85.026643, 35.136171, 35.287717, 35.353231, 35.350074, 35.285471, 35.264223, 35.253173, 35.241043, 35.170974, 34.9879372061493, 34.9878779552292, 34.987791, 34.9872198373549, 35.015175, 35.09269, 35.136171)))"
013,Campbell,36.3817326,-84.1857115,"list(list(c(-84.329927, -84.349939, -84.330434, -84.266877, -84.251132, -84.2613212015047, -84.227332, -84.2271939619983, -83.987842, -83.9876109506828, -83.984634, -83.95696, -83.943139, -83.922618, -83.905638, -83.921217, -83.954908, -83.981016, -84.004317, -84.032519, -84.069918, -84.227527, -84.241825, -84.372731, -84.329927, 36.285086, 36.466292, 36.50948, 36.511698, 36.53418, 36.592741697267, 36.592181, 36.5921795123551, 36.5896, 36.5895922860725, 36.560482, 36.501555, 36.473564, 36.427779, 
36.419979, 36.387879, 36.387623, 36.284978, 36.270378, 36.301779, 36.230378, 36.244879, 36.177578, 36.216778, 36.285086)))"
015,Cannon,35.8070317,-86.0529604,"list(list(c(-86.141766, -86.153214, -86.090502, -86.014849, -85.88921, -85.885156, -85.997426, -85.985062, -86.08889, -86.207147, -86.141766, 35.914374, 35.954399, 35.974451, 35.96106, 35.857543, 35.839658, 35.711955, 35.660108, 35.646823, 35.70379, 35.914374)))"
017,Carroll,35.9917193,-88.4016041,"list(list(c(-88.692709, -88.655488, -88.532233, -88.530322, -88.211698, -88.212559, -88.217436, -88.177859, -88.179177, -88.56955, -88.606862, -88.706811, -88.692709, 36.062746, 36.117338, 36.115416, 36.152023, 36.145974, 36.12029, 35.846582, 35.845841, 35.816785, 35.824451, 35.789354, 35.791075, 36.062746)))"
019,Carter,36.2638604,-82.12784,"list(list(c(-82.299968, -82.299859, -82.188653, -81.983843, -82.058946, -81.9343692444926, -81.960101, -82.02874, -82.080143, -82.0811489171324, -82.127146, -82.140847, -82.211251, -82.2202530102866, -82.284691, -82.34046, -82.299968, 36.37114, 36.396505, 36.400408, 36.508314, 36.367515, 36.2647162043798, 36.228131, 36.124322, 36.10572, 36.1056921143326, 36.104417, 36.136216, 36.159012, 36.1538200398431, 36.251686, 36.252807, 36.37114)))"
021,Cheatham,36.184749,-87.1023746,"list(list(c(-87.280597, -87.120443, -87.063143, -86.98806, -86.913233, -86.906254, -86.963358, -87.041362, -87.053722, -87.085365, -87.182573, -87.149876, -87.193301, -87.153043, -87.286501, -87.280597, 36.354166, 36.45546, 36.421415, 36.369154, 36.382621, 36.366218, 36.267004, 36.041312, 36.045582, 36.043805, 36.049726, 36.176878, 36.248969, 36.30535, 36.321933, 36.354166)))"
023,Chester,35.4270939,-88.6723578,"list(list(c(-88.841607, -88.675867, -88.613611, -88.56557, -88.505354, -88.364005, -88.360829, -88.362572, -88.571763, -88.640934, -88.719761, -88.781768, -88.79274, -88.841607, 35.427826, 35.489163, 35.588089, 35.587088, 35.51203, 35.492801, 35.418972, 35.380994, 35.382084, 35.361017, 35.24755, 35.247587, 35.328971, 35.427826)))"
025,Claiborne,36.4830423,-83.634843,"list(list(c(-83.9876109506828, -83.9307607839439, -83.894421, -83.690714, -83.675413, -83.4720935738096, -83.398303, -83.369401, -83.3868, -83.532504, -83.658007, -83.667408, -83.73301, -83.805515, -83.905638, -83.922618, -83.943139, -83.95696, -83.984634, -83.9876109506828, 36.5895922860725, 36.5876942581124, 36.586481, 36.582581, 36.600814, 36.5994757320593, 36.534885, 36.459186, 36.413186, 36.353385, 36.331982, 36.344381, 36.34498, 36.435879, 36.419979, 36.427779, 36.473564, 36.501555, 36.560482, 
36.5895922860725)))"
027,Clay,36.5701766,-85.56121,"list(list(c(-85.797033, -85.7885565436139, -85.731862, -85.488353, -85.4364042728859, -85.2958124857275, -85.290627, -85.2762879474994, -85.267057, -85.284878, -85.446372, -85.495422, -85.57596, -85.704075, -85.813885, -85.797033, 36.610272, 36.6217118590347, 36.620429, 36.614994, 36.618003845027, 36.6261495593675, 36.62645, 36.6261575408034, 36.573238, 36.531293, 36.49797, 36.403074, 36.471617, 36.522395, 36.499473, 36.610272)))"
029,Cocke,35.9359517,-83.1220074,"list(list(c(-83.296531, -83.276677, -83.258684, -83.234585, -83.245787, -83.175098, -83.187386, -83.166085, -83.172485, -83.102761, -82.8937514184314, -82.910608, -82.899718, -82.937437, -82.9666497428986, -82.978414, -83.04853, -83.097193, -83.161537, -83.198267, -83.255351, -83.2561415523036, -83.261806, -83.310782, -83.296531, 35.90452, 36.007652, 36.000995, 36.085094, 36.124194, 36.127357, 36.174995, 36.180894, 36.157095, 36.120909, 35.9338572697089, 35.92693, 35.874602, 35.82732, 35.795445979574, 
35.78261, 35.787706, 35.776067, 35.763363, 35.725494, 35.71623, 35.7151240626578, 35.825024, 35.895846, 35.90452)))"
031,Coffee,35.4576849,-86.0529604,"list(list(c(-86.279905, -86.25759, -86.234575, -86.245165, -86.245406, -86.207147, -86.08889, -85.985062, -85.948192, -85.876962, -85.869712, -85.913593, -86.02704, -86.158018, -86.261489, -86.279905, 35.387452, 35.412476, 35.45276, 35.631913, 35.688899, 35.70379, 35.646823, 35.660108, 35.573422, 35.524095, 35.380362, 35.289189, 35.343837, 35.362607, 35.333579, 35.387452)))"
033,Crockett,35.7812386,-89.132486599999993,"list(list(c(-89.339567, -89.342829, -89.280188, -89.188844, -89.135958, -89.109285, -88.916181, -89.021364, -89.069544, -89.338704, -89.356033, -89.339567, 35.862268, 35.880934, 35.886416, 35.99976, 35.967841, 35.862089, 35.797307, 35.670953, 35.692679, 35.789273, 35.817635, 35.862268)))"
035,Cumberland,35.8994729,-85.023346,"list(list(c(-85.269359, -85.248435, -85.242698, -85.264206, -85.246362, -85.15275, -85.100213, -85.029461, -84.907753, -84.80546, -84.720727, -84.680633, -84.729634, -84.781901, -84.80163, -84.916062, -84.928536, -85.254062, -85.269359, 35.793388, 35.798748, 35.91304, 35.979154, 36.100698, 36.099544, 36.138561, 36.170433, 36.156293, 36.090501, 35.994914, 35.908454, 35.858382, 35.825, 35.823066, 35.761939, 35.768549, 35.765611, 35.793388)))"
037,Davidson,36.1342563,-86.8220341,"list(list(c(-87.041362, -86.963358, -86.906254, -86.913233, -86.825053, -86.754795, -86.639095, -86.594286, -86.556865, -86.515589, -86.546884, -86.618892, -86.790875, -86.928861, -87.039223, -87.053722, -87.041362, 36.041312, 36.267004, 36.366218, 36.382621, 36.349817, 36.405496, 36.255105, 36.245105, 36.13496, 36.10061, 36.087817, 35.968224, 36.036715, 36.052942, 35.989286, 36.045582, 36.041312)))"
039,Decatur,35.595087,-88.1291387,"list(list(c(-88.243057, -88.190465, -88.179177, -88.177859, -88.051635, -87.970738, -88.034788, -88.035837, -87.97463, -88.042332, -88.007709, -87.97366, -88.024741, -88.196462, -88.241677, -88.247243, -88.243057, 35.528858, 35.609088, 35.816785, 35.845841, 35.849918, 35.815705, 35.717261, 35.621839, 35.521025, 35.444617, 35.423381, 35.404958, 35.392307, 35.379561, 35.423263, 35.439296, 35.528858)))"
041,DeKalb,35.9728357,-85.80766,"list(list(c(-86.059706, -85.910118, -85.864024, -85.807415, -85.767136, -85.644604, -85.662917, -85.632449, -85.682095, -85.868174, -85.885156, -85.88921, -86.014849, -86.063413, -86.059706, 36.086024, 36.116925, 36.093809, 36.131582, 36.070087, 36.015053, 35.971501, 35.847385, 35.831254, 35.84636, 35.839658, 35.857543, 35.96106, 36.070052, 36.086024)))"
043,Dickson,36.1459799,-87.3016132,"list(list(c(-87.566798, -87.523627, -87.513533, -87.303129, -87.286501, -87.153043, -87.193301, -87.149876, -87.182573, -87.190826, -87.204242, -87.53453, -87.552874, -87.566798, 36.177857, 36.24889, 36.334713, 36.312442, 36.321933, 36.30535, 36.248969, 36.176878, 36.049726, 35.975884, 35.959186, 35.993074, 36.016237, 36.177857)))"
045,Dyer,36.0445248,-89.436391,"list(list(c(-89.692437, -89.680029, -89.64302, -89.592102, -89.623804, -89.6276414416754, -89.488283, -89.482971, -89.154464, -89.163406, -89.206297, -89.188844, -89.280188, -89.342829, -89.398186, -89.631345, -89.6489049703452, -89.652279, -89.686924, -89.733095, -89.692437, 36.020507, 36.082494, 36.10362, 36.135637, 36.183128, 36.185460316606, 36.187544, 36.212659, 36.204678, 36.026044, 36.011814, 35.99976, 35.886416, 35.880934, 35.941369, 35.924133, 35.9035834823126, 35.921462, 35.947716, 36.000608, 
36.020507)))"
047,Fayette,35.125742700000004,-89.4742177,"list(list(c(-89.632776, -89.616176, -89.474171, -89.375071, -89.347491, -89.183944, -89.198287901495, -89.3526793918484, -89.434954, -89.644051831619, -89.632776, 35.375824, 35.388662, 35.403039, 35.399936, 35.400338, 35.397126, 34.9944505301151, 34.9939961417459, 34.993754, 34.9940668634279, 35.375824)))"
049,Fentress,36.37106,-84.8984775,"list(list(c(-85.120445, -85.043924, -84.943144, -84.731839, -84.659115, -84.700785, -84.797861, -84.875842, -84.907753, -85.029461, -85.100213, -85.119583, -85.082497, -85.122245, -85.120445, 36.407164, 36.558791, 36.58127, 36.524674, 36.395222, 36.370824, 36.296894, 36.285092, 36.156293, 36.170433, 36.138561, 36.144719, 36.196171, 36.304599, 36.407164)))"
051,Franklin,35.1946865,-86.0529604,"list(list(c(-86.318168, -86.306076, -86.245315, -86.261489, -86.158018, -86.02704, -85.913593, -85.873025, -85.863317, -85.8639461118069, -86.311274, -86.3187607654651, -86.318168, 35.126986, 35.231178, 35.324051, 35.333579, 35.362607, 35.343837, 35.289189, 35.223362, 35.208624, 34.9870308587481, 34.991098, 34.9910785804428, 35.126986)))"
053,Gibson,35.9969735,-88.864698,"list(list(c(-89.206297, -89.163406, -89.154464, -88.961232, -88.959839, -88.863298, -88.692709, -88.706811, -88.916181, -89.109285, -89.135958, -89.188844, -89.206297, 36.011814, 36.026044, 36.204678, 36.201635, 36.222834, 36.137639, 36.062746, 35.791075, 35.797307, 35.862089, 35.967841, 35.99976, 36.011814)))"
055,Giles,35.0894745,-86.9824288,"list(list(c(-87.232442, -87.206578, -87.129112, -86.960804, -86.906451, -86.828301, -86.8362863159495, -87.2107585799823, -87.216683, -87.2240536418757, -87.232442, 35.28767, 35.433207, 35.456019, 35.417021, 35.314075, 35.263677, 34.992803004217, 34.9990491809997, 34.999148, 34.9992307419721, 35.28767)))"
057,Grainger,36.3059333,-83.5496566,"list(list(c(-83.714704, -83.667408, -83.658007, -83.532504, -83.3868, -83.304197, -83.280595, -83.288896, -83.255292, -83.328295, -83.449498, -83.467097, -83.541099, -83.674237, -83.659926, -83.66746, -83.699405, -83.732704, -83.714704, 36.173783, 36.344381, 36.331982, 36.353385, 36.413186, 36.388189, 36.394689, 36.378789, 36.289092, 36.29669, 36.217989, 36.174688, 36.181987, 36.125008, 36.090903, 36.080587, 36.109469, 36.164583, 36.173783)))"
059,Greene,36.1347943,-82.820974,"list(list(c(-83.166085, -83.14219, -83.082312, -82.937183, -82.702566, -82.631794, -82.647769, -82.595065, -82.6057036107936, -82.628365, -82.725065, -82.779397, -82.787465, -82.81613, -82.860724, -82.8937514184314, -83.102761, -83.172485, -83.166085, 36.180894, 36.18739, 36.242296, 36.334797, 36.410412, 36.418769, 36.146404, 36.096205, 36.0371988635619, 36.062105, 36.018204, 35.992511, 35.952163, 35.923986, 35.94743, 35.9338572697089, 36.120909, 36.157095, 36.180894)))"
061,Grundy,35.4013452,-85.684578,"list(list(c(-85.913593, -85.869712, -85.876962, -85.820334, -85.607326, -85.485622, -85.558551, -85.709418, -85.740113, -85.873025, -85.913593, 35.289189, 35.380362, 35.524095, 35.504573, 35.531651, 35.406307, 35.319292, 35.289251, 35.215295, 35.223362, 35.289189)))"
063,Hamblen,36.2054334,-83.2934086,"list(list(c(-83.449498, -83.328295, -83.255292, -83.16259, -83.082312, -83.14219, -83.166085, -83.187386, -83.175098, -83.245787, -83.234585, -83.274501, -83.425891, -83.467097, -83.449498, 36.217989, 36.29669, 36.289092, 36.345292, 36.242296, 36.18739, 36.180894, 36.174995, 36.127357, 36.124194, 36.085094, 36.130794, 36.154549, 36.174688, 36.217989)))"
065,Hamilton,35.1618966,-85.1479364,"list(list(c(-85.4743388431343, -85.365031, -85.387089, -85.246005, -85.225877, -85.168302, -85.135191, -85.102158, -85.016343, -85.031314, -84.946339, -85.026643, -85.008478, -84.961146, -84.9769738065923, -84.9798540252315, -85.045183, -85.2650550217158, -85.277556, -85.3639190289311, -85.384967, -85.4743388431343, 34.9836733267911, 35.072554, 35.147169, 35.319077, 35.354276, 35.455614, 35.458649, 35.428442, 35.409288, 35.379477, 35.287717, 35.136171, 35.09269, 35.015175, 34.9872198373549, 34.9872056139756, 
34.986883, 34.9850776447417, 34.984975, 34.9833765631405, 34.982987, 34.9836733267911)))"
067,Hancock,36.5456022,-83.2077645,"list(list(c(-83.4720935738096, -83.2763, -82.9844584955724, -82.830433, -82.950519, -83.010789, -83.120966, -83.280595, -83.304197, -83.3868, -83.369401, -83.398303, -83.4720935738096, 36.5994757320593, 36.598187, 36.59528996905, 36.593761, 36.543005, 36.563691, 36.513883, 36.394689, 36.388189, 36.413186, 36.459186, 36.534885, 36.5994757320593)))"
069,Hardeman,35.1229172,-89.0179332,"list(list(c(-89.183944, -89.182551, -89.078876, -88.841607, -88.79274, -88.781768, -88.786612, -88.823050501632, -89.0171270115524, -89.02654, -89.198287901495, -89.183944, 35.397126, 35.432816, 35.431428, 35.427826, 35.328971, 35.247587, 34.995252, 34.995207045695, 34.9949676128363, 34.994956, 34.9944505301151, 35.397126)))"
071,Hardin,35.1142443,-88.2461183,"list(list(c(-88.374926, -88.362572, -88.360829, -88.260249, -88.241677, -88.196462, -88.024741, -87.981585, -87.9849160436989, -88.000032, -88.202959, -88.200064, -88.258111, -88.3635302685392, -88.3804925115221, -88.374926, 35.304031, 35.380994, 35.418972, 35.416731, 35.423263, 35.379561, 35.392307, 35.295678, 35.0059101243258, 35.005939, 35.008028, 34.995634, 34.995463, 34.9957467517971, 34.9957924082221, 35.304031)))"
073,Hawkins,36.4445545,-82.9501558,"list(list(c(-83.280595, -83.120966, -83.010789, -82.950519, -82.830433, -82.609181949399, -82.610175, -82.702279, -82.680677, -82.702566, -82.937183, -83.082312, -83.16259, -83.255292, -83.288896, -83.280595, 36.394689, 36.513883, 36.563691, 36.543005, 36.593761, 36.5950896860685, 36.5193, 36.455499, 36.4318, 36.410412, 36.334797, 36.242296, 36.345292, 36.289092, 36.378789, 36.394689)))"
075,Haywood,35.593858,-89.2621216,"list(list(c(-89.502118, -89.401805, -89.356033, -89.338704, -89.069544, -89.078876, -89.182551, -89.183944, -89.347491, -89.375071, -89.474171, -89.469862, -89.502118, 35.580621, 35.822657, 35.817635, 35.789273, 35.692679, 35.431428, 35.432816, 35.397126, 35.400338, 35.399936, 35.403039, 35.546566, 35.580621)))"
077,Henderson,35.6427245,-88.4016041,"list(list(c(-88.603575, -88.606862, -88.56955, -88.179177, -88.190465, -88.243057, -88.247243, -88.241677, -88.260249, -88.360829, -88.364005, -88.505354, -88.56557, -88.613611, -88.603575, 35.626084, 35.789354, 35.824451, 35.816785, 35.609088, 35.528858, 35.439296, 35.423263, 35.416731, 35.418972, 35.492801, 35.51203, 35.587088, 35.588089, 35.626084)))"
079,Henry,36.3369938,-88.2461183,"list(list(c(-88.5163580599794, -88.51192, -88.4890767387132, -88.127378, -88.0533508007759, -88.061428, -87.99092, -88.031779, -88.095868, -88.092269, -88.10266, -88.090782, -88.09371, -88.088851, -88.092526, -88.09167, -88.087082, -88.085228, -88.212559, -88.211698, -88.530322, -88.5163580599794, 36.5014641981633, 36.501457, 36.5012837190757, 36.49854, 36.4999962506816, 36.443992, 36.360133, 36.359809, 36.359265, 36.340315, 36.310933, 36.29485, 36.293028, 36.288556, 36.281033, 36.275198, 36.267898, 
36.254549, 36.12029, 36.145974, 36.152023, 36.5014641981633)))"
081,Hickman,35.8012797,-87.460397,"list(list(c(-87.71676, -87.706438, -87.53453, -87.204242, -87.201426, -87.215099, -87.25561, -87.339232, -87.459587, -87.586676, -87.658189, -87.74375, -87.71676, 35.83875, 35.905755, 35.993074, 35.959186, 35.940579, 35.850651, 35.700516, 35.65911, 35.615124, 35.653117, 35.609349, 35.663952, 35.83875)))"
083,Houston,36.283619,-87.658113,"list(list(c(-87.98074, -87.821816, -87.715494, -87.592358, -87.586957, -87.513533, -87.523627, -87.566798, -87.585973, -87.798508, -87.949603, -87.944295, -87.98074, 36.353307, 36.328724, 36.36824, 36.367663, 36.34178, 36.334713, 36.24889, 36.177857, 36.197699, 36.244754, 36.24316, 36.264177, 36.353307)))"
085,Humphreys,36.0245773,-87.7369607,"list(list(c(-88.02239, -87.919043, -87.949603, -87.798508, -87.585973, -87.566798, -87.552874, -87.53453, -87.706438, -87.71676, -87.852682, -87.96274, -87.925835, -88.02239, 35.965818, 36.130049, 36.24316, 36.244754, 36.197699, 36.177857, 36.016237, 35.993074, 35.905755, 35.83875, 35.803799, 35.840921, 35.930432, 35.965818)))"
087,Jackson,36.4004931,-85.643487,"list(list(c(-85.828026, -85.813885, -85.704075, -85.57596, -85.495422, -85.497587, -85.495124, -85.557527, -85.780148, -85.82766, -85.828026, 36.411836, 36.499473, 36.522395, 36.471617, 36.403074, 36.375051, 36.302278, 36.223177, 36.238011, 36.255272, 36.411836)))"
089,Jefferson,36.0417825,-83.4643551,"list(list(c(-83.70925, -83.66746, -83.659926, -83.674237, -83.541099, -83.467097, -83.425891, -83.274501, -83.234585, -83.258684, -83.276677, -83.296531, -83.310782, -83.474901, -83.673297, -83.70925, 36.093234, 36.080587, 36.090903, 36.125008, 36.181987, 36.174688, 36.154549, 36.130794, 36.085094, 36.000995, 36.007652, 35.90452, 35.895846, 35.922893, 36.038486, 36.093234)))"
091,Johnson,36.4585672,-81.8224362,"list(list(c(-81.983843, -81.871443, -81.8267341480526, -81.6469, -81.677535, -81.699962, -81.695311, -81.734312, -81.7253727796853, -81.705966, -81.768977, -81.833202, -81.908137, -81.9184444729048, -81.9343692444926, -82.058946, -81.983843, 36.508314, 36.602015, 36.6147191041614, 36.611918, 36.588117, 36.536829, 36.467912, 36.413342, 36.3897384974361, 36.338496, 36.341042, 36.347339, 36.302013, 36.2873579173821, 36.2647162043798, 36.367515, 36.508314)))"
093,Knox,35.9874629,-83.9419784,"list(list(c(-84.272869, -84.195151, -84.058585, -84.094011, -83.941711, -83.905169, -83.732704, -83.699405, -83.66746, -83.70925, -83.673297, -83.650957, -83.794275, -83.850155, -83.994677, -84.016481, -84.145659, -84.144301, -84.166267, -84.179798, -84.263383, -84.271587, -84.272869, 35.940506, 35.993008, 36.036304, 36.068911, 36.186378, 36.160906, 36.164583, 36.109469, 36.080587, 36.093234, 36.038486, 35.986368, 35.887125, 35.842019, 35.883749, 35.839498, 35.849586, 35.795763, 35.805106, 35.820232, 
35.89694, 35.910165, 35.940506)))"
095,Lake,36.3270676,-89.4931176,"list(list(c(-89.678046, -89.602374, -89.554289, -89.611819, -89.600544, -89.5450313339691, -89.522695, -89.51038, -89.542337, -89.521021, -89.539232, -89.417293, -89.3451943195388, -89.36012, -89.444587, -89.482971, -89.488283, -89.6276414416754, -89.69263, -89.678046, 36.248284, 36.238106, 36.277751, 36.309088, 36.342985, 36.344271398663, 36.344789, 36.378356, 36.420103, 36.461934, 36.497934, 36.499033, 36.5013432086369, 36.409277, 36.235538, 36.212659, 36.187544, 36.185460316606, 36.224959, 36.248284
)))"
097,Lauderdale,35.7838834,-89.6628111,"list(list(c(-89.915491, -89.863874, -89.797053, -89.723426, -89.729517, -89.722634, -89.64727, -89.6489049703452, -89.631345, -89.398186, -89.342829, -89.339567, -89.356033, -89.401805, -89.502118, -89.623458, -89.7952, -89.909797, -89.944754, -89.9325, -89.876548, -89.898916, -89.956589, -89.915491, 35.754917, 35.747592, 35.782648, 35.809382, 35.847632, 35.873718, 35.89492, 35.9035834823126, 35.924133, 35.941369, 35.880934, 35.862268, 35.817635, 35.822657, 35.580621, 35.652316, 35.63529, 35.537914, 
35.560308, 35.607865, 35.626653, 35.650904, 35.695486, 35.754917)))"
099,Lawrence,35.2761735,-87.460397,"list(list(c(-87.57275, -87.575352, -87.44882, -87.448485, -87.294534, -87.227932, -87.206578, -87.232442, -87.2240536418757, -87.6060978676533, -87.57275, 35.049051, 35.398454, 35.420622, 35.457844, 35.444676, 35.429332, 35.433207, 35.28767, 34.9992307419721, 35.0035195262043, 35.049051)))"
101,Lewis,35.4962054,-87.5000082,"list(list(c(-87.651007, -87.658189, -87.586676, -87.459587, -87.339232, -87.352305, -87.29719, -87.269432, -87.294534, -87.448485, -87.44882, -87.575352, -87.645896, -87.717559, -87.651007, 35.568762, 35.609349, 35.653117, 35.615124, 35.65911, 35.584621, 35.548422, 35.505851, 35.444676, 35.457844, 35.420622, 35.398454, 35.472745, 35.483347, 35.568762)))"
103,Lincoln,35.1239397,-86.6207943,"list(list(c(-86.828301, -86.746899, -86.602613, -86.599478, -86.525306, -86.52728, -86.392192, -86.363363, -86.318168, -86.3187607654651, -86.467798, -86.783628017169, -86.783648, -86.8362863159495, -86.828301, 35.263677, 35.252878, 35.327013, 35.36495, 35.354718, 35.311536, 35.235381, 35.12303, 35.126986, 34.9910785804428, 34.990692, 34.991924921992, 34.991925, 34.992803004217, 35.263677)))"
105,Loudon,35.7374411,-84.3121264,"list(list(c(-84.584472, -84.347624, -84.32997, -84.263383, -84.179798, -84.166267, -84.172812, -84.134468, -84.188319, -84.290765, -84.504274, -84.52585, -84.566934, -84.584472, 35.644424, 35.832367, 35.892904, 35.89694, 35.820232, 35.805106, 35.712756, 35.647399, 35.610549, 35.654925, 35.665866, 35.624186, 35.629773, 35.644424)))"
111,Macon,36.4983882,-85.971322,"list(list(c(-86.216525, -86.205565269856, -86.081944, -85.975713174144, -85.873857, -85.7885565436139, -85.797033, -85.813885, -85.828026, -85.895732, -85.978893, -86.168261, -86.228434, -86.216525, 36.506975, 36.6392468703288, 36.633848, 36.6286377186817, 36.623642, 36.6217118590347, 36.610272, 36.499473, 36.411836, 36.420446, 36.426073, 36.444293, 36.487472, 36.506975)))"
113,Madison,35.6479574,-88.864698,"list(list(c(-89.069544, -89.021364, -88.916181, -88.706811, -88.606862, -88.603575, -88.613611, -88.675867, -88.841607, -89.078876, -89.069544, 35.692679, 35.670953, 35.797307, 35.791075, 35.789354, 35.626084, 35.588089, 35.489163, 35.427826, 35.431428, 35.692679)))"
115,Marion,35.0928512,-85.643487,"list(list(c(-85.873025, -85.740113, -85.709418, -85.558551, -85.403187, -85.387089, -85.365031, -85.4743388431343, -85.605165, -85.8639461118069, -85.863317, -85.873025, 35.223362, 35.215295, 35.289251, 35.319292, 35.223419, 35.147169, 35.072554, 34.9836733267911, 34.984678, 34.9870308587481, 35.208624, 35.223362)))"
117,Marshall,35.4792517,-86.7818523,"list(list(c(-86.960804, -86.849573, -86.782016, -86.751651, -86.686193, -86.639436, -86.664164, -86.618572, -86.599478, -86.602613, -86.746899, -86.828301, -86.906451, -86.960804, 35.417021, 35.525515, 35.706595, 35.696447, 35.710051, 35.6859, 35.491771, 35.367401, 35.36495, 35.327013, 35.252878, 35.263677, 35.314075, 35.417021)))"
119,Maury,35.6195242,-87.1422895,"list(list(c(-87.339232, -87.25561, -87.215099, -87.035681, -87.003959, -86.962471, -86.935719, -86.782016, -86.849573, -86.960804, -87.129112, -87.206578, -87.227932, -87.294534, -87.269432, -87.29719, -87.352305, -87.339232, 35.65911, 35.700516, 35.850651, 35.796213, 35.779028, 35.782883, 35.760659, 35.706595, 35.525515, 35.417021, 35.456019, 35.433207, 35.429332, 35.444676, 35.505851, 35.548422, 35.584621, 35.65911)))"
107,McMinn,35.4037048,-84.6479124,"list(list(c(-84.801147, -84.619865, -84.584472, -84.566934, -84.52585, -84.409226, -84.401025, -84.495529, -84.667398, -84.703607, -84.697838, -84.744441, -84.72314, -84.860164, -84.801147, 35.455181, 35.644651, 35.644424, 35.629773, 35.624186, 35.398378, 35.330374, 35.285472, 35.268041, 35.241043, 35.253173, 35.264223, 35.285471, 35.350074, 35.455181)))"
109,McNairy,35.1183208,-88.556531,"list(list(c(-88.781768, -88.719761, -88.640934, -88.571763, -88.362572, -88.374926, -88.3804925115221, -88.469877, -88.786612, -88.781768, 35.247587, 35.24755, 35.361017, 35.382084, 35.380994, 35.304031, 34.9957924082221, 34.996033, 34.995252, 35.247587)))"
121,Meigs,35.519359,-84.7942091,"list(list(c(-85.016343, -84.968953, -84.912148, -84.859949, -84.873969, -84.794904, -84.781804, -84.72324, -84.723853, -84.619031, -84.619865, -84.801147, -84.860164, -84.879507, -84.946339, -85.031314, -85.016343, 35.409288, 35.466674, 35.442671, 35.497072, 35.550217, 35.55255, 35.673908, 35.68967, 35.752896, 35.70788, 35.644651, 35.455181, 35.350074, 35.353231, 35.287717, 35.379477, 35.409288)))"
123,Monroe,35.471793,-84.2278796,"list(list(c(-84.504274, -84.290765, -84.188319, -84.081561, -83.993815, -83.93854, -83.9589178345639, -83.973171, -84.021782, -84.007586, -84.038081, -84.02351, -84.0291044137725, -84.097508, -84.178516, -84.223718, -84.28322, -84.2865983787409, -84.325722, -84.356923, -84.495529, -84.401025, -84.409226, -84.52585, -84.504274, 35.665866, 35.654925, 35.610549, 35.541231, 35.550001, 35.487773, 35.4578994395799, 35.452582, 35.407418, 35.371661, 35.348363, 35.295783, 35.2921237764939, 35.247382, 35.240679, 
35.269078, 35.226577, 35.2057582184959, 35.219377, 35.233676, 35.285472, 35.330374, 35.398378, 35.624186, 35.665866)))"
125,Montgomery,36.4960406,-87.460397,"list(list(c(-87.64115, -87.347796, -87.3359790500808, -87.1150035566884, -87.150371, -87.120443, -87.280597, -87.286501, -87.303129, -87.513533, -87.586957, -87.592358, -87.64115, 36.638036, 36.64144, 36.6415771604931, 36.6441420446512, 36.566824, 36.45546, 36.354166, 36.321933, 36.312442, 36.334713, 36.34178, 36.367663, 36.638036)))"
127,Moore,35.2700506,-86.357952,"list(list(c(-86.525306, -86.422338, -86.25759, -86.279905, -86.261489, -86.245315, -86.306076, -86.318168, -86.363363, -86.392192, -86.52728, -86.525306, 35.354718, 35.318846, 35.412476, 35.387452, 35.333579, 35.324051, 35.231178, 35.126986, 35.12303, 35.235381, 35.311536, 35.354718)))"
129,Morgan,36.1004285,-84.6479124,"list(list(c(-84.875842, -84.797861, -84.700785, -84.573741, -84.441034, -84.449734, -84.341812, -84.446054, -84.603967, -84.680633, -84.720727, -84.80546, -84.907753, -84.875842, 36.285092, 36.296894, 36.370824, 36.229977, 36.163478, 36.141677, 36.048977, 35.985984, 35.953879, 35.908454, 35.994914, 36.090501, 36.156293, 36.285092)))"
131,Obion,36.3469439,-89.1705998,"list(list(c(-89.444587, -89.36012, -89.3451943195388, -89.211409, -88.964471, -88.8345890228743, -88.8271780363405, -88.81642, -88.949115, -88.959839, -88.961232, -89.154464, -89.482971, -89.444587, 36.235538, 36.409277, 36.5013432086369, 36.50563, 36.502191, 36.5019803422593, 36.5019683222569, 36.410732, 36.410461, 36.222834, 36.201635, 36.204678, 36.212659, 36.235538)))"
133,Overton,36.3880346,-85.3136218,"list(list(c(-85.495422, -85.446372, -85.284878, -85.268647, -85.120445, -85.122245, -85.082497, -85.119583, -85.204156, -85.419398, -85.495124, -85.497587, -85.495422, 36.403074, 36.49797, 36.531293, 36.539891, 36.407164, 36.304599, 36.196171, 36.144719, 36.152489, 36.236215, 36.302278, 36.375051, 36.403074)))"
135,Perry,35.6786596,-87.8942451,"list(list(c(-88.042332, -87.97463, -88.035837, -88.034788, -87.970738, -87.96274, -87.852682, -87.71676, -87.74375, -87.658189, -87.651007, -87.717559, -87.988894, -88.007709, -88.042332, 35.444617, 35.521025, 35.621839, 35.717261, 35.815705, 35.840921, 35.803799, 35.83875, 35.663952, 35.609349, 35.568762, 35.483347, 35.453666, 35.423381, 35.444617)))"
137,Pickett,36.5541091,-85.1479364,"list(list(c(-85.284878, -85.267057, -85.2762879474994, -85.096128, -84.9748684358374, -84.943948, -84.7853999785503, -84.731839, -84.943144, -85.043924, -85.120445, -85.268647, -85.284878, 36.531293, 36.573238, 36.6261575408034, 36.622483, 36.6145833593172, 36.612569, 36.6033754199356, 36.524674, 36.58127, 36.558791, 36.407164, 36.539891, 36.531293)))"
139,Polk,35.1371578,-84.564147,"list(list(c(-84.7758376712973, -84.699937, -84.703607, -84.667398, -84.495529, -84.356923, -84.325722, -84.2865983787409, -84.321869, -84.509052, -84.621483, -84.727434, -84.7758376712973, 34.9879372061493, 35.170974, 35.241043, 35.268041, 35.285472, 35.233676, 35.219377, 35.2057582184959, 34.988408, 34.988033, 34.988329, 34.98802, 34.9879372061493)))"
141,Putnam,36.134602,-85.4788065,"list(list(c(-85.809168, -85.780148, -85.557527, -85.495124, -85.419398, -85.204156, -85.119583, -85.100213, -85.15275, -85.246362, -85.264206, -85.309363, -85.507677, -85.644604, -85.767136, -85.807415, -85.809168, 36.206598, 36.238011, 36.223177, 36.302278, 36.236215, 36.152489, 36.144719, 36.138561, 36.099544, 36.100698, 35.979154, 36.031592, 36.082012, 36.015053, 36.070087, 36.131582, 36.206598)))"
143,Rhea,35.5927914,-84.981754,"list(list(c(-85.146393, -85.107762, -84.916062, -84.80163, -84.781901, -84.754472, -84.723853, -84.72324, -84.781804, -84.794904, -84.873969, -84.859949, -84.912148, -84.968953, -85.016343, -85.102158, -85.135191, -85.146393, 35.491299, 35.571359, 35.761939, 35.823066, 35.825, 35.75439, 35.752896, 35.68967, 35.673908, 35.55255, 35.550217, 35.497072, 35.442671, 35.466674, 35.409288, 35.428442, 35.458649, 35.491299)))"
145,Roane,35.836117,-84.564147,"list(list(c(-84.781901, -84.729634, -84.680633, -84.603967, -84.446054, -84.341812, -84.32006, -84.271587, -84.263383, -84.32997, -84.347624, -84.584472, -84.619865, -84.619031, -84.723853, -84.754472, -84.781901, 35.825, 35.858382, 35.908454, 35.953879, 35.985984, 36.048977, 35.991607, 35.910165, 35.89694, 35.892904, 35.832367, 35.644424, 35.644651, 35.70788, 35.752896, 35.75439, 35.825)))"
147,Robertson,36.5250666,-86.8621827,"list(list(c(-87.150371, -87.1150035566884, -87.0608263443929, -86.813037, -86.7632909641085, -86.606394, -86.5620676518653, -86.693292, -86.754795, -86.825053, -86.913233, -86.98806, -87.063143, -87.120443, -87.150371, 36.566824, 36.6441420446512, 36.6447708848516, 36.647647, 36.6487206745018, 36.652107, 36.6407466739073, 36.407231, 36.405496, 36.349817, 36.382621, 36.369154, 36.421415, 36.45546, 36.566824)))"
149,Rutherford,35.7724263,-86.3376761,"list(list(c(-86.686193, -86.613328, -86.618892, -86.546884, -86.515589, -86.251731, -86.153214, -86.141766, -86.207147, -86.245406, -86.245165, -86.34194, -86.402726, -86.543116, -86.639436, -86.686193, 35.710051, 35.790331, 35.968224, 36.087817, 36.10061, 35.961141, 35.954399, 35.914374, 35.70379, 35.688899, 35.631913, 35.664259, 35.618571, 35.697617, 35.6859, 35.710051)))"
151,Scott,36.3976209,-84.5222189,"list(list(c(-84.785341, -84.7784558643505, -84.499938, -84.2613212015047, -84.251132, -84.266877, -84.330434, -84.349939, -84.329927, -84.372731, -84.403633, -84.441034, -84.573741, -84.700785, -84.659115, -84.731839, -84.7853999785503, -84.785341, 36.603372, 36.6032105122159, 36.596678, 36.592741697267, 36.53418, 36.511698, 36.50948, 36.466292, 36.285086, 36.216778, 36.174778, 36.163478, 36.229977, 36.370824, 36.395222, 36.524674, 36.6033754199356, 36.603372)))"
153,Sequatchie,35.3469428,-85.3962769,"list(list(c(-85.557535, -85.459856, -85.423804, -85.436147, -85.403298, -85.225877, -85.246005, -85.387089, -85.403187, -85.558551, -85.485622, -85.607326, -85.557535, 35.532977, 35.54685, 35.567422, 35.541365, 35.49228, 35.354276, 35.319077, 35.147169, 35.223419, 35.319292, 35.406307, 35.531651, 35.532977)))"
155,Sevier,35.8271682,-83.5070203,"list(list(c(-83.794275, -83.650957, -83.673297, -83.474901, -83.310782, -83.261806, -83.2561415523036, -83.26474416829, -83.297154, -83.347262, -83.421576, -83.452431, -83.498335, -83.587827, -83.653159, -83.6629119015893, -83.662814, -83.70525, -83.794275, 35.887125, 35.986368, 36.038486, 35.922893, 35.895846, 35.825024, 35.7151240626578, 35.7030894961701, 35.65775, 35.660474, 35.611186, 35.602918, 35.562981, 35.566963, 35.568309, 35.5677997932083, 35.690618, 35.71158, 35.887125)))"
157,Shelby,35.1268552,-89.9253233,"list(list(c(-90.300697, -90.265296, -90.197146, -90.181387, -90.160058, -90.09061, -90.099777, -90.093285, -90.097947, -90.166594, -90.121864, -90.087903, -90.112504, -90.070549, -90.045306, -90.039777, -89.865515, -89.70248, -89.632776, -89.644051831619, -89.7243158379686, -89.7596126422344, -89.795187, -90.309297, -90.300697, 35.028793, 35.040293, 35.050731, 35.091401, 35.12883, 35.118287, 35.164474, 35.203282, 35.249983, 35.274588, 35.304535, 35.36327, 35.410153, 35.423291, 35.415435, 35.396531, 
35.39077, 35.408584, 35.375824, 34.9940668634279, 34.9941869587535, 34.9942397717315, 34.994293, 34.995694, 35.028793)))"
159,Smith,36.2388468,-85.971322,"list(list(c(-86.136803, -86.0809, -85.977143, -85.978893, -85.895732, -85.828026, -85.82766, -85.780148, -85.809168, -85.807415, -85.864024, -85.910118, -86.059706, -86.115607, -86.136803, 36.295859, 36.355367, 36.405076, 36.426073, 36.420446, 36.411836, 36.255272, 36.238011, 36.206598, 36.131582, 36.093809, 36.116925, 36.086024, 36.268886, 36.295859)))"
161,Stewart,36.5023236,-87.7763333,"list(list(c(-88.070532, -88.011792, -87.849567, -87.853204, -87.6941859078643, -87.64115, -87.592358, -87.715494, -87.821816, -87.98074, -87.99092, -88.061428, -88.0533508007759, -88.050466, -88.033802, -88.055738, -88.070532, 36.678118, 36.677025, 36.663701, 36.633247, 36.6368382439437, 36.638036, 36.367663, 36.36824, 36.328724, 36.353307, 36.360133, 36.443992, 36.4999962506816, 36.500053, 36.551733, 36.630475, 36.678118)))"
163,Sullivan,36.4933147,-82.345189,"list(list(c(-82.702279, -82.610175, -82.609181949399, -82.487238, -82.2941364201291, -82.2433850052002, -82.173982, -82.1455732705145, -81.934144, -81.922644, -81.8267341480526, -81.871443, -81.983843, -82.188653, -82.299859, -82.421572, -82.601474, -82.680677, -82.702279, 36.455499, 36.5193, 36.5950896860685, 36.595822, 36.5950730329585, 36.5948761876654, 36.594607, 36.5945603308341, 36.594213, 36.616213, 36.6147191041614, 36.602015, 36.508314, 36.400408, 36.396505, 36.447254, 36.4232, 36.4318, 
36.455499)))"
165,Sumner,36.4718084,-86.4996546,"list(list(c(-86.693292, -86.5620676518653, -86.551292, -86.507771, -86.4114961989664, -86.205565269856, -86.216525, -86.228434, -86.268788, -86.283256, -86.298452, -86.451721, -86.521642, -86.552842, -86.594286, -86.639095, -86.754795, -86.693292, 36.407231, 36.6407466739073, 36.637985, 36.652445, 36.6482404228482, 36.6392468703288, 36.506975, 36.487472, 36.452897, 36.3475, 36.313634, 36.335629, 36.278099, 36.319066, 36.245105, 36.255105, 36.405496, 36.407231)))"
167,Tipton,35.5217179,-89.7379958,"list(list(c(-90.037615, -89.958498, -89.944754, -89.909797, -89.7952, -89.623458, -89.502118, -89.469862, -89.474171, -89.616176, -89.632776, -89.70248, -89.865515, -90.039777, -90.045306, -90.022064, -90.045805, -90.037615, 35.550329, 35.541703, 35.560308, 35.537914, 35.63529, 35.652316, 35.580621, 35.546566, 35.403039, 35.388662, 35.375824, 35.408584, 35.39077, 35.396531, 35.415435, 35.457375, 35.496533, 35.550329)))"
169,Trousdale,36.396385,-86.1548269,"list(list(c(-86.268788, -86.228434, -86.168261, -85.978893, -85.977143, -86.0809, -86.136803, -86.20656, -86.264436, -86.283256, -86.268788, 36.452897, 36.487472, 36.444293, 36.426073, 36.405076, 36.355367, 36.295859, 36.342659, 36.299718, 36.3475, 36.452897)))"
171,Unicoi,36.073032,-82.5185837,"list(list(c(-82.595525, -82.6057036107936, -82.595065, -82.527605, -82.420661, -82.34046, -82.284691, -82.2202530102866, -82.26569, -82.297655, -82.346857, -82.409458, -82.4169375946732, -82.464558, -82.5080076597225, -82.557874, -82.610885, -82.595525, 36.026012, 36.0371988635619, 36.096205, 36.148951, 36.163207, 36.252807, 36.251686, 36.1538200398431, 36.127614, 36.13351, 36.115209, 36.083409, 36.0729700107085, 36.006508, 35.9820132054415, 35.953901, 35.974442, 36.026012)))"
173,Union,36.3194272,-83.804868,"list(list(c(-84.004317, -83.981016, -83.954908, -83.921217, -83.905638, -83.805515, -83.73301, -83.667408, -83.714704, -83.732704, -83.905169, -83.941711, -83.998745, -84.004317, 36.270378, 36.284978, 36.387623, 36.387879, 36.419979, 36.435879, 36.34498, 36.344381, 36.173783, 36.164583, 36.160906, 36.186378, 36.25237, 36.270378)))"
175,Van Buren,35.6996916,-85.4788065,"list(list(c(-85.602876, -85.598389, -85.543209, -85.519775, -85.526581, -85.517326, -85.499398, -85.474213, -85.423179, -85.265064, -85.269359, -85.254062, -85.265387, -85.423804, -85.459856, -85.557535, -85.594632, -85.615146, -85.602876, 35.794996, 35.806304, 35.797325, 35.792077, 35.807283, 35.815815, 35.806515, 35.822656, 35.814691, 35.821973, 35.793388, 35.765611, 35.721237, 35.567422, 35.54685, 35.532977, 35.617898, 35.760531, 35.794996)))"
177,Warren,35.7115652,-85.80766,"list(list(c(-85.997426, -85.885156, -85.868174, -85.682095, -85.663609, -85.602876, -85.615146, -85.594632, -85.557535, -85.607326, -85.820334, -85.876962, -85.948192, -85.985062, -85.997426, 35.711955, 35.839658, 35.84636, 35.831254, 35.819589, 35.794996, 35.760531, 35.617898, 35.532977, 35.531651, 35.504573, 35.524095, 35.573422, 35.660108, 35.711955)))"
179,Washington,36.3321016,-82.5185837,"list(list(c(-82.680677, -82.601474, -82.421572, -82.299859, -82.299968, -82.34046, -82.420661, -82.527605, -82.595065, -82.647769, -82.631794, -82.702566, -82.680677, 36.4318, 36.4232, 36.447254, 36.396505, 36.37114, 36.252807, 36.163207, 36.148951, 36.096205, 36.146404, 36.418769, 36.410412, 36.4318)))"
181,Wayne,35.282369,-87.7763333,"list(list(c(-88.024741, -87.97366, -88.007709, -87.988894, -87.717559, -87.645896, -87.575352, -87.57275, -87.6060978676533, -87.625025, -87.851886, -87.9849160436989, -87.981585, -88.024741, 35.392307, 35.404958, 35.423381, 35.453666, 35.483347, 35.472745, 35.398454, 35.049051, 35.0035195262043, 35.003732, 35.005656, 35.0059101243258, 35.295678, 35.392307)))"
183,Weakley,36.3428865,-88.7108964,"list(list(c(-88.949115, -88.81642, -88.8271780363405, -88.8167641573481, -88.5163580599794, -88.530322, -88.532233, -88.655488, -88.692709, -88.863298, -88.959839, -88.949115, 36.410461, 36.410732, 36.5019683222569, 36.5019514318132, 36.5014641981633, 36.152023, 36.115416, 36.117338, 36.062746, 36.137639, 36.222834, 36.410461)))"
185,White,35.9189882,-85.520024,"list(list(c(-85.682095, -85.632449, -85.662917, -85.644604, -85.507677, -85.309363, -85.264206, -85.242698, -85.248435, -85.269359, -85.265064, -85.423179, -85.474213, -85.499398, -85.517326, -85.526581, -85.519775, -85.543209, -85.598389, -85.602876, -85.663609, -85.682095, 35.831254, 35.847385, 35.971501, 36.015053, 36.082012, 36.031592, 35.979154, 35.91304, 35.798748, 35.793388, 35.821973, 35.814691, 35.822656, 35.806515, 35.815815, 35.807283, 35.792077, 35.797325, 35.806304, 35.794996, 35.819589, 
35.831254)))"
187,Williamson,35.9179271,-86.8621827,"list(list(c(-87.201426, -87.204242, -87.190826, -87.182573, -87.085365, -87.053722, -87.039223, -86.928861, -86.790875, -86.618892, -86.613328, -86.686193, -86.751651, -86.782016, -86.935719, -86.962471, -87.003959, -87.035681, -87.215099, -87.201426, 35.940579, 35.959186, 35.975884, 36.049726, 36.043805, 36.045582, 35.989286, 36.052942, 36.036715, 35.968224, 35.790331, 35.710051, 35.696447, 35.706595, 35.760659, 35.782883, 35.779028, 35.796213, 35.850651, 35.940579)))"
189,Wilson,36.1626241,-86.2970998,"list(list(c(-86.594286, -86.552842, -86.521642, -86.451721, -86.298452, -86.283256, -86.264436, -86.20656, -86.136803, -86.115607, -86.059706, -86.063413, -86.014849, -86.090502, -86.153214, -86.251731, -86.515589, -86.556865, -86.594286, 36.245105, 36.319066, 36.278099, 36.335629, 36.313634, 36.3475, 36.299718, 36.342659, 36.295859, 36.268886, 36.086024, 36.070052, 35.96106, 35.974451, 35.954399, 35.961141, 36.10061, 36.13496, 36.245105)))"
